item,group,estimate,moe,n_hh,n_persons
1_hh_miles_all_hh,NATIONAL,20557.927815854393,199.65458288924142,126523,
1_hh_miles_excl_zero_veh,NATIONAL,22628.483270656743,217.65579839161347,120274,
1_hh_miles_all_hh,Not in MSA,22794.88506792809,810.4899973130223,19701,
1_hh_miles_excl_zero_veh,Not in MSA,24527.158155170702,828.9881434801506,18864,
1_hh_miles_all_hh,MSA under 1M,21062.645671584316,298.46081433823133,51948,
1_hh_miles_excl_zero_veh,MSA under 1M,22639.872655231553,369.36802642494695,49567,
1_hh_miles_all_hh,MSA 1M+,19677.38408060883,305.85663856731463,54874,
1_hh_miles_excl_zero_veh,MSA 1M+,22088.710322386305,353.98398432193096,51843,
1_hh_miles_all_hh,01=MSA <250k,21076.45021341647,718.6535732074252,20985,
1_hh_miles_excl_zero_veh,01=MSA <250k,22717.751102972194,806.9148001736975,19972,
1_hh_miles_all_hh,"02=MSA 250k-499,999",21289.994989797477,1184.0098376378478,12940,
1_hh_miles_excl_zero_veh,"02=MSA 250k-499,999",22631.726651556106,1210.9280473712506,12396,
1_hh_miles_all_hh,"03=MSA 500k-999,999",20880.15723872709,382.3201600222518,18023,
1_hh_miles_excl_zero_veh,"03=MSA 500k-999,999",22585.626046618374,353.99301774147295,17199,
1_hh_miles_all_hh,04=MSA 1M-2.99M,20751.737821359646,545.3577131364102,19067,
1_hh_miles_excl_zero_veh,04=MSA 1M-2.99M,22421.885597586526,547.1182443222789,18248,
1_hh_miles_all_hh,05=MSA 3M+,19013.23145239928,265.3817634850533,35807,
1_hh_miles_excl_zero_veh,05=MSA 3M+,21869.45121085509,395.96499930083377,33595,
1_hh_miles_all_hh,06=Not in MSA,22794.88506792809,810.4899973130223,19701,
1_hh_miles_excl_zero_veh,06=Not in MSA,24527.158155170702,828.9881434801506,18864,
1x_hh_miles_urbrur_all_hh,NATIONAL,20557.927815854393,199.65458288924142,126523,
1x_hh_miles_urbrur_excl_zero_veh,NATIONAL,22628.483270656743,217.65579839161347,120274,
1x_hh_miles_urbrur_all_hh,01=Urban,19221.922138745904,189.29946489869073,98393,
1x_hh_miles_urbrur_excl_zero_veh,01=Urban,21446.967259495577,217.20606285405677,92662,
1x_hh_miles_urbrur_all_hh,02=Rural,26977.44520416785,762.8709244006843,28130,
1x_hh_miles_urbrur_excl_zero_veh,02=Rural,27888.52722380492,704.591222707102,27612,
2a_miles_per_person_all_hh,NATIONAL,8393.81753839233,99.10237899902664,126523,
2a_miles_per_person_excl_zero_veh,NATIONAL,8942.500682868926,101.57853921122994,120274,
2a_miles_per_person_all_hh,Not in MSA,9445.255147896389,256.60792895769976,19701,
2a_miles_per_person_excl_zero_veh,Not in MSA,9975.519838221979,265.508473397004,18864,
2a_miles_per_person_all_hh,MSA under 1M,8557.488887240455,141.79027635010812,51948,
2a_miles_per_person_excl_zero_veh,MSA under 1M,8978.112676761753,171.13114471693495,49567,
2a_miles_per_person_all_hh,MSA 1M+,8024.642951978267,125.3858307982849,54874,
2a_miles_per_person_excl_zero_veh,MSA 1M+,8643.152704770624,139.71924375988192,51843,
2a_miles_per_person_all_hh,01=MSA <250k,8645.46581393414,305.08100874691587,20985,
2a_miles_per_person_excl_zero_veh,01=MSA <250k,9077.987695508788,319.14465348779345,19972,
2a_miles_per_person_all_hh,"02=MSA 250k-499,999",8590.241925812232,534.1114291255795,12940,
2a_miles_per_person_excl_zero_veh,"02=MSA 250k-499,999",8935.250769218406,568.9915229511976,12396,
2a_miles_per_person_all_hh,"03=MSA 500k-999,999",8465.296096181552,173.23879932767449,18023,
2a_miles_per_person_excl_zero_veh,"03=MSA 500k-999,999",8934.31435106683,150.70588157521254,17199,
2a_miles_per_person_all_hh,04=MSA 1M-2.99M,8535.132792392447,158.92376424992668,19067,
2a_miles_per_person_excl_zero_veh,04=MSA 1M-2.99M,8984.566709244427,151.03418624982487,18248,
2a_miles_per_person_all_hh,05=MSA 3M+,7713.370872800719,140.12292971134133,35807,
2a_miles_per_person_excl_zero_veh,05=MSA 3M+,8427.089442330273,182.19743763685082,33595,
2a_miles_per_person_all_hh,06=Not in MSA,9445.255147896389,256.60792895769976,19701,
2a_miles_per_person_excl_zero_veh,06=Not in MSA,9975.519838221979,265.508473397004,18864,
2b_diary_vmt_per_person,NATIONAL,6982.385658680759,292.83271083281323,129696,264234.0
2b_diary_vmt_per_person,Not in MSA,8118.118926803556,318.9207355317115,20446,40402.0
2b_diary_vmt_per_person,MSA under 1M,7271.694161970387,835.8296978792363,53300,107604.0
2b_diary_vmt_per_person,MSA 1M+,6533.8669601792535,163.3886580489505,55950,116228.0
2b_diary_vmt_per_person,01=MSA <250k,7068.149641491095,339.60620147852046,21593,42997.0
2b_diary_vmt_per_person,"02=MSA 250k-499,999",7994.57702033329,2496.8754654916715,13264,26645.0
2b_diary_vmt_per_person,"03=MSA 500k-999,999",6883.065210946026,550.1958448735603,18443,37962.0
2b_diary_vmt_per_person,04=MSA 1M-2.99M,7025.682449157158,295.628432747492,19453,39861.0
2b_diary_vmt_per_person,05=MSA 3M+,6248.69697269072,202.33759940511968,36497,76367.0
2b_diary_vmt_per_person,06=Not in MSA,8118.118926803556,318.9207355317115,20446,40402.0
3_minutes_per_driver_day,NATIONAL,55.63475993066426,0.8025721609901791,124953,217452.0
3_miles_per_driver_day,NATIONAL,25.840254488251592,1.0572814988766979,124953,217452.0
3_mph_pairs,NATIONAL,26.527917906770348,0.27262021589856494,124953,217452.0
3_mph_means,NATIONAL,27.86774439626101,0.9458551874697921,124953,217452.0
3_minutes_per_driver_day,Not in MSA,54.09194791641344,1.1518178644931678,19733,33925.0
3_miles_per_driver_day,Not in MSA,29.511511288732585,1.076422383691455,19733,33925.0
3_mph_pairs,Not in MSA,31.447693662916144,0.8471446944951972,19733,33925.0
3_mph_means,Not in MSA,32.734829221904654,0.9975575015978193,19733,33925.0
3_minutes_per_driver_day,MSA under 1M,53.52646170117876,1.3935965626600664,51419,89060.0
3_miles_per_driver_day,MSA under 1M,26.55532555384924,2.9272263286414155,51419,89060.0
3_mph_pairs,MSA under 1M,27.123008968991197,0.3080588702516428,51419,89060.0
3_mph_means,MSA under 1M,29.76695045015214,3.049745861707273,51419,89060.0
3_minutes_per_driver_day,MSA 1M+,57.202348205799424,0.9391834331988969,53801,94467.0
3_miles_per_driver_day,MSA 1M+,24.469715318384385,0.5802382629799242,53801,94467.0
3_mph_pairs,MSA 1M+,24.982343511002696,0.28257584302648997,53801,94467.0
3_mph_means,MSA 1M+,25.666479876331582,0.48850567450715043,53801,94467.0
3_minutes_per_driver_day,01=MSA <250k,52.50718078221309,1.396536898347661,20800,35756.0
3_miles_per_driver_day,01=MSA <250k,25.617713143080568,1.086192275073804,20800,35756.0
3_mph_pairs,01=MSA <250k,28.421875672301216,0.7718131465317295,20800,35756.0
3_mph_means,01=MSA <250k,29.273382529528554,1.027996755272045,20800,35756.0
3_minutes_per_driver_day,"02=MSA 250k-499,999",52.519314773297886,3.1335939212312667,12824,22184.0
3_miles_per_driver_day,"02=MSA 250k-499,999",28.972415964941675,8.841044583940194,12824,22184.0
3_mph_pairs,"02=MSA 250k-499,999",26.731937267578697,0.7523909206743251,12824,22184.0
3_mph_means,"02=MSA 250k-499,999",33.09915533742488,10.115074189671674,12824,22184.0
3_minutes_per_driver_day,"03=MSA 500k-999,999",55.07779600922261,1.420265881793893,17795,31120.0
3_miles_per_driver_day,"03=MSA 500k-999,999",25.4277826598756,1.968815886556627,17795,31120.0
3_mph_pairs,"03=MSA 500k-999,999",26.460169504612377,0.6142361589680443,17795,31120.0
3_mph_means,"03=MSA 500k-999,999",27.700218057691846,1.6151347614679332,17795,31120.0
3_minutes_per_driver_day,04=MSA 1M-2.99M,58.38506977395402,1.7375399982582567,18805,32776.0
3_miles_per_driver_day,04=MSA 1M-2.99M,25.85551906917782,0.937363339443677,18805,32776.0
3_mph_pairs,04=MSA 1M-2.99M,26.08186953633645,0.6478433244286316,18805,32776.0
3_mph_means,04=MSA 1M-2.99M,26.57068237062772,0.8126019738019263,18805,32776.0
3_minutes_per_driver_day,05=MSA 3M+,56.49726108686042,1.0091657891074541,34996,61691.0
3_miles_per_driver_day,05=MSA 3M+,23.643559441658113,0.7372427664194987,34996,61691.0
3_mph_pairs,05=MSA 3M+,24.30449901658467,0.3556173870825025,34996,61691.0
3_mph_means,05=MSA 3M+,25.109421929648448,0.5101385888399415,34996,61691.0
3_minutes_per_driver_day,06=Not in MSA,54.09194791641344,1.1518178644931678,19733,33925.0
3_miles_per_driver_day,06=Not in MSA,29.511511288732585,1.076422383691455,19733,33925.0
3_mph_pairs,06=Not in MSA,31.447693662916144,0.8471446944951972,19733,33925.0
3_mph_means,06=Not in MSA,32.734829221904654,0.9975575015978193,19733,33925.0
sens_complete_case_mean,NATIONAL,20557.927815854393,,126523,
sens_missing_as_zero_mean,NATIONAL,20629.47879108435,,129696,
sens_dropped_weight_share_pct,NATIONAL,2.307200705835924,,3173,
sens_complete_case_mean,Not in MSA,22794.88506792809,,19701,
sens_missing_as_zero_mean,Not in MSA,23032.540811260227,,20446,
sens_dropped_weight_share_pct,Not in MSA,3.693819814230485,,745,
sens_complete_case_mean,MSA under 1M,21062.645671584316,,51948,
sens_missing_as_zero_mean,MSA under 1M,21060.406482906226,,53300,
sens_dropped_weight_share_pct,MSA under 1M,2.513039289815697,,1352,
sens_complete_case_mean,MSA 1M+,19677.38408060883,,54874,
sens_missing_as_zero_mean,MSA 1M+,19730.574604755995,,55950,
sens_dropped_weight_share_pct,MSA 1M+,1.812298659379199,,1076,
2c_miles_per_person_wtperfin,NATIONAL,8532.425357822123,102.10592034096476,126523,257255.0
2c_miles_per_person_wtperfin,Not in MSA,9633.670422045123,274.63404070606924,19701,38785.0
2c_miles_per_person_wtperfin,MSA under 1M,8741.005228940963,135.82777779766667,51948,104595.0
2c_miles_per_person_wtperfin,MSA 1M+,8143.783245826469,131.13897767768862,54874,113875.0
2c_miles_per_person_wtperfin,01=MSA <250k,8892.020475880574,332.26227144035437,20985,41657.0
2c_miles_per_person_wtperfin,"02=MSA 250k-499,999",8744.168595149737,588.5340202328854,12940,25917.0
2c_miles_per_person_wtperfin,"03=MSA 500k-999,999",8625.000944077277,153.1376490093428,18023,37021.0
2c_miles_per_person_wtperfin,04=MSA 1M-2.99M,8708.715886609882,144.42191693008567,19067,39044.0
2c_miles_per_person_wtperfin,05=MSA 3M+,7814.731897775832,165.712839365069,35807,74831.0
2c_miles_per_person_wtperfin,06=Not in MSA,9633.670422045123,274.63404070606924,19701,38785.0
