year,unit_cat,bp_units,co_units,rows
2018,2 to 4,4405,2313,2701
2018,5+,52671,29427,4063
2018,ADU,9005,3224,12816
2018,MH,2448,1490,1476
2018,SFA,4516,3458,2905
2018,SFD,44404,31740,60594
2019,2 to 4,5667,4091,3458
2019,5+,64145,29130,3930
2019,ADU,15086,6259,19292
2019,MH,2405,1215,1811
2019,SFA,4598,4084,4745
2019,SFD,48916,33643,65096
2020,2 to 4,4715,3114,2779
2020,5+,63210,39340,3692
2020,ADU,16041,8344,22662
2020,MH,2490,1549,1992
2020,SFA,4313,3870,4933
2020,SFD,46411,31636,62979
2021,2 to 4,5354,3441,3127
2021,5+,65903,45156,4835
2021,ADU,24637,10806,32228
2021,MH,3268,1502,2203
2021,SFA,4297,3032,3435
2021,SFD,55912,38007,75588
2022,2 to 4,5015,3067,3060
2022,5+,82496,43467,4358
2022,ADU,31804,15000,41791
2022,MH,3328,1974,2634
2022,SFA,4847,4238,3993
2022,SFD,48694,38382,70962
2023,2 to 4,5747,4107,3009
2023,5+,71310,41539,4424
2023,ADU,35713,18536,46662
2023,MH,2440,2169,2129
2023,SFA,5405,3001,4319
2023,SFD,43935,34295,65594
2024,2 to 4,5322,4334,3593
2024,5+,60759,47396,4684
2024,ADU,39056,21456,50755
2024,MH,1644,1250,2038
2024,SFA,4554,3734,4297
2024,SFD,44291,38298,66589
2025,2 to 4,5336,3222,3918
2025,5+,64953,51717,4737
2025,ADU,41846,24334,55169
2025,MH,1675,1713,1911
2025,SFA,4480,3829,4621
2025,SFD,43083,33760,64213
